{
  "订单总数": 5857,
  "商品SKU数": 3928,
  "总销量": 20877,
  "预估订单收入总额": 72080.4958,
  "平均订单收入": 12.306726276250641,
  "商品成本总额": 97082.29428445,
  "配送成本总额": -26089.629999999997,
  "平台佣金总额": 9874.44,
  "总利润额": 1087.8315155500006,
  "平均订单利润": 0.1857318619685847,
  "盈利订单数": 3152,
  "盈利订单占比": 53.81594673040806,
  "利润率": 1.5091898348873463,
  "毛利率": -34.68594133123319
}