{
  "订单总数": 5857,
  "商品SKU数": 3928,
  "总销量": 20877,
  "销售总额": 148753.31,
  "平均客单价": 25.39752603722042,
  "商品成本": 141428.59524852,
  "配送成本": 86304.22999999998,
  "平台佣金": 34801.67,
  "商家活动成本": 0,
  "单品毛利总额": 7324.714751480002,
  "单品毛利率": 4.924068413321359,
  "总利润": -113781.18524851998,
  "利润率": -76.48985104836994
}