{
  "订单总数": 5857,
  "商品SKU数": 3928,
  "总销量": 20877,
  "商品销售额": 138652.5,
  "订单总收入": 174540.8,
  "平均客单价": 23.67295543793751,
  "总商品成本": 97082.29428445,
  "总配送成本": 26089.630000000005,
  "活动营销成本": 3579.3,
  "商品折扣成本": 28954.08,
  "平台佣金": 9874.44,
  "总利润额": 8961.055715550001,
  "平均订单利润": 1.5299736581099541,
  "盈利订单数": 3527,
  "盈利订单占比": 60.21854191565647,
  "整体利润率": 6.462960073240656,
  "毛利率": 29.98157675883954
}